property,group,description
GRAR740102,group-1,"D Polarity (Grantham, 1974)"
GRAR740103,group-1,"D Volume (Grantham, 1974)"
ROBB760104,group-1,"D Information measure for C-terminal helix (Robson-Suzuki, 1976)"
HOPT810101,group-1,"D Hydrophilicity value (Hopp-Woods, 1981)"
CIDH920104,group-1,"D Normalized hydrophobicity scales for alpha/beta-proteins (Cid et al., 1992)"
CIDH920105,group-1,"D Normalized average hydrophobicity scales (Cid et al., 1992)"
CIDH920102,group-1,"D Normalized hydrophobicity scales for beta-proteins (Cid et al., 1992)"
NAKH900101,group-1,"D AA composition of total proteins (Nakashima et al., 1990)"
NAKH900107,group-1,"D AA composition of mt-proteins from fungi and plant (Nakashima et al., 1990)"
NAKH900109,group-1,"D AA composition of membrane proteins (Nakashima et al., 1990)"
ISOY800107,group-1,"D Normalized relative frequency of double bend (Isogai et al., 1980)"
CHOP780205,group-1,"D Normalized frequency of C-terminal helix (Chou-Fasman, 1978b)"
CHOP780204,group-1,"D Normalized frequency of N-terminal helix (Chou-Fasman, 1978b)"
BIGC670101,group-1,"D Residue volume (Bigelow, 1967)"
CHOP780209,group-1,"D Normalized frequency of C-terminal beta-sheet (Chou-Fasman, 1978b)"
GARJ730101,group-1,"D Partition coefficient (Garel et al., 1973)"
LEVM760101,group-1,"D Hydrophobic parameter (Levitt, 1976)"
CRAJ730102,group-1,"D Normalized frequency of beta-sheet (Crawford et al., 1973)"
CRAJ730101,group-1,"D Normalized frequency of middle helix (Crawford et al., 1973)"
JUNJ780101,group-1,"D Sequence frequency (Jungck, 1978)"
KRIW790103,group-1,"D Side chain volume (Krigbaum-Komoriya, 1979)"
FASG760101,group-1,"D Molecular weight (Fasman, 1976)"
GEOR030103,group-1,"D Linker propensity from 2-linker dataset (George-Heringa, 2003)"
GEOR030102,group-1,"D Linker propensity from 1-linker dataset (George-Heringa, 2003)"
GEOR030101,group-1,"D Linker propensity from all dataset (George-Heringa, 2003)"
FASG760103,group-1,"D Optical rotation (Fasman, 1976)"
FODM020101,group-1,"D Propensity of amino acids within pi-helices (Fodje-Al-Karadaghi, 2002)"
FAUJ880105,group-1,"D STERIMOL minimum width of the side chain (Fauchere et al., 1988)"
FAUJ880106,group-1,"D STERIMOL maximum width of the side chain (Fauchere et al., 1988)"
FAUJ880103,group-1,"D Normalized van der Waals volume (Fauchere et al., 1988)"
GOLD730102,group-1,"D Residue volume (Goldsack-Chalifoux, 1973)"
AURR980116,group-1,"D Normalized positional residue frequency at helix termini Cc (Aurora-Rose,"
CHOC760101,group-1,"D Residue accessible surface area in tripeptide (Chothia, 1976)"
PONP800105,group-1,"D Surrounding hydrophobicity in beta-sheet (Ponnuswamy et al., 1980)"
LEVM760105,group-1,"D Radius of gyration of side chain (Levitt, 1976)"
LEVM760102,group-1,"D Distance between C-alpha and centroid of side chain (Levitt, 1976)"
BURA740102,group-1,"D Normalized frequency of extended structure (Burgess et al., 1974)"
GEIM800104,group-1,"D Alpha-helix indices for alpha/beta-proteins (Geisow-Roberts, 1980)"
GEIM800103,group-1,"D Alpha-helix indices for beta-proteins (Geisow-Roberts, 1980)"
RICJ880103,group-1,"D Relative preference value at N-cap (Richardson-Richardson, 1988)"
QIAN880124,group-1,"D Weights for beta-sheet at the window position of 4 (Qian-Sejnowski, 1988)"
FASG760102,group-1,"D Melting point (Fasman, 1976)"
TSAJ990102,group-1,D Volumes not including the crystallographic waters using the ProtOr (Tsai et
TSAJ990101,group-1,"D Volumes including the crystallographic waters using the ProtOr (Tsai et al.,"
OOBM850103,group-1,"D Optimized transfer energy parameter (Oobatake et al., 1985)"
OOBM850102,group-1,"D Optimized propensity to form reverse turn (Oobatake et al., 1985)"
PALJ810110,group-1,"D Normalized frequency of beta-sheet in all-beta class (Palau et al., 1981)"
PALJ810111,group-1,"D Normalized frequency of beta-sheet in alpha+beta class (Palau et al., 1981)"
ROSM880104,group-1,"D Hydropathies of amino acid side chains, neutral form (Roseman, 1988)"
ROSM880105,group-1,"D Hydropathies of amino acid side chains, pi-values in pH 7.0 (Roseman, 1988)"
ROSM880103,group-1,"D Loss of Side chain hydropathy by helix formation (Roseman, 1988)"
AVBF000104,group-1,"D Slopes tripeptides, LD VFF neutral (Avbelj, 2000)"
ROSM880101,group-1,"D Side chain hydropathy, uncorrected for solvation (Roseman, 1988)"
COHE430101,group-1,"D Partial specific volume (Cohn-Edsall, 1943)"
KARS160117,group-1,D Total weighted atomic number of the graph (obtained by summing all the atomic
PONJ960101,group-1,"D Average volumes of residues (Pontius et al., 1996)"
VHEG790101,group-1,"D Transfer free energy to lipophilic phase (von Heijne-Blomberg, 1979)"
JOND920101,group-1,"D Relative frequency of occurrence (Jones et al., 1992)"
PALJ810107,group-1,"D Normalized frequency of alpha-helix in all-alpha class (Palau et al., 1981)"
NAKH920106,group-1,"D AA composition of CYT of multi-spanning proteins (Nakashima-Nishikawa, 1992)"
WERD780103,group-1,"D Free energy change of alpha(Ri) to alpha(Rh) (Wertz-Scheraga, 1978)"
PALJ810109,group-1,"D Normalized frequency of alpha-helix in alpha/beta class (Palau et al., 1981)"
PALJ810108,group-1,"D Normalized frequency of alpha-helix in alpha+beta class (Palau et al., 1981)"
KARS160107,group-1,"D Diameter (maximum eccentricity) (Karkbara-Knisley, 2016)"
KARS160105,group-1,"D Average eccentricity (Karkbara-Knisley, 2016)"
KARS160104,group-1,"D Weighted domination number (Karkbara-Knisley, 2016)"
KARS160103,group-1,D Total weighted degree of the graph (obtained by adding all the weights of
KARS160102,group-1,"D Number of edges (size of the graph) (Karkbara-Knisley, 2016)"
KARS160101,group-1,"D Number of vertices (order of the graph) (Karkbara-Knisley, 2016)"
RICJ880111,group-1,"D Relative preference value at C4 (Richardson-Richardson, 1988)"
DAWD720101,group-1,"D Size (Dawson, 1972)"
TANS770102,group-1,"D Normalized frequency of isolated helix (Tanaka-Scheraga, 1977)"
DAYM780101,group-1,"D Amino acid composition (Dayhoff et al., 1978a)"
OOBM770105,group-1,"D Short and medium range non-bonded energy per residue (Oobatake-Ooi, 1977)"
PALJ810113,group-1,"D Normalized frequency of turn in all-alpha class (Palau et al., 1981)"
COSI940101,group-1,"D Electron-ion interaction potential values (Cosic, 1994)"
PARS000101,group-1,D p-Values of mesophilic proteins based on the distributions of B values
JUKT750101,group-1,"D Amino acid distribution (Jukes et al., 1975)"
NAGK730103,group-1,"D Normalized frequency of coil (Nagano, 1973)"
VASM830103,group-1,"D Relative population of conformational state E (Vasquez et al., 1983)"
HARY940101,group-1,"D Mean volumes of residues buried in protein interiors (Harpaz et al., 1994)"
BLAS910101,group-1,"D Scaled side chain hydrophobicity values (Black-Mould, 1991)"
QIAN880103,group-1,"D Weights for alpha-helix at the window position of -4 (Qian-Sejnowski, 1988)"
CEDJ970101,group-1,D Composition of amino acids in extracellular proteins (percent) (Cedano et
CEDJ970103,group-1,"D Composition of amino acids in membrane proteins (percent) (Cedano et al.,"
CEDJ970102,group-1,"D Composition of amino acids in anchored proteins (percent) (Cedano et al.,"
CEDJ970105,group-1,"D Composition of amino acids in nuclear proteins (percent) (Cedano et al.,"
CEDJ970104,group-1,D Composition of amino acids in intracellular proteins (percent) (Cedano et
CHAM820101,group-1,"D Polarizability parameter (Charton-Charton, 1982)"
CASG920101,group-1,"D Hydrophobicity scale from native protein structures (Casari-Sippl, 1992)"
VELV850101,group-1,"D Electron-ion interaction potential (Veljkovic et al., 1985)"
LEWP710101,group-1,"D Frequency of occurrence in beta-bends (Lewis et al., 1971)"
QIAN880112,group-1,"D Weights for alpha-helix at the window position of 5 (Qian-Sejnowski, 1988)"
CHOC750101,group-1,"D Average volume of buried residue (Chothia, 1975)"
QIAN880111,group-1,"D Weights for alpha-helix at the window position of 4 (Qian-Sejnowski, 1988)"
QIAN880117,group-1,"D Weights for beta-sheet at the window position of -3 (Qian-Sejnowski, 1988)"
QIAN880115,group-1,"D Weights for beta-sheet at the window position of -5 (Qian-Sejnowski, 1988)"
MAXF760105,group-1,"D Normalized frequency of zeta L (Maxfield-Scheraga, 1976)"
MAXF760106,group-1,"D Normalized frequency of alpha region (Maxfield-Scheraga, 1976)"
WILM950104,group-2,"D Hydrophobicity coefficient in RP-HPLC, C18 with 0.1%TFA/2-PrOH/MeCN/H2O"
WILM950103,group-2,"D Hydrophobicity coefficient in RP-HPLC, C4 with 0.1%TFA/MeCN/H2O (Wilce et al."
ROBB760109,group-2,"D Information measure for N-terminal turn (Robson-Suzuki, 1976)"
ROBB760108,group-2,"D Information measure for turn (Robson-Suzuki, 1976)"
OOBM770101,group-2,"D Average non-bonded energy per atom (Oobatake-Ooi, 1977)"
RACS770101,group-2,"D Average reduced distance for C-alpha (Rackovsky-Scheraga, 1977)"
RACS770102,group-2,"D Average reduced distance for side chain (Rackovsky-Scheraga, 1977)"
RACS770103,group-2,"D Side chain orientational preference (Rackovsky-Scheraga, 1977)"
MIYS990103,group-2,"D Optimized relative partition energies - method B (Miyazawa-Jernigan, 1999)"
MIYS990102,group-2,"D Optimized relative partition energies - method A (Miyazawa-Jernigan, 1999)"
MIYS990101,group-2,D Relative partition energies derived by the Bethe approximation
NAKH900103,group-2,"D AA composition of mt-proteins (Nakashima et al., 1990)"
MIYS850101,group-2,"D Effective partition energy (Miyazawa-Jernigan, 1985)"
NAKH900104,group-2,"D Normalized composition of mt-proteins (Nakashima et al., 1990)"
NAKH900105,group-2,"D AA composition of mt-proteins from animal (Nakashima et al., 1990)"
CHOP780207,group-2,"D Normalized frequency of C-terminal non helical region (Chou-Fasman, 1978b)"
CHOP780206,group-2,"D Normalized frequency of N-terminal non helical region (Chou-Fasman, 1978b)"
FUKS010110,group-2,D Entire chain composition of amino acids in intracellular proteins of
FUKS010112,group-2,D Entire chain compositino of amino acids in nuclear proteins (percent)
LEVM780101,group-2,"D Normalized frequency of alpha-helix, with weights (Levitt, 1978)"
VINM940101,group-2,"D Normalized flexibility parameters (B-values), average (Vihinen et al., 1994)"
RACS820103,group-2,"D Average relative fractional occurrence in AL(i) (Rackovsky-Scheraga, 1982)"
AURR980106,group-2,"D Normalized positional residue frequency at helix termini N1 (Aurora-Rose,"
AURR980107,group-2,"D Normalized positional residue frequency at helix termini N2 (Aurora-Rose,"
RACS820102,group-2,"D Average relative fractional occurrence in AR(i) (Rackovsky-Scheraga, 1982)"
NAKH900112,group-2,"D Transmembrane regions of mt-proteins (Nakashima et al., 1990)"
RACS820104,group-2,"D Average relative fractional occurrence in EL(i) (Rackovsky-Scheraga, 1982)"
RACS820105,group-2,"D Average relative fractional occurrence in E0(i) (Rackovsky-Scheraga, 1982)"
RACS820106,group-2,"D Average relative fractional occurrence in ER(i) (Rackovsky-Scheraga, 1982)"
RACS820107,group-2,"D Average relative fractional occurrence in A0(i-1) (Rackovsky-Scheraga, 1982)"
FUKS010101,group-2,D Surface composition of amino acids in intracellular proteins of thermophiles
FUKS010105,group-2,D Interior composition of amino acids in intracellular proteins of thermophiles
KUMS000103,group-2,D Distribution of amino acid residues in the alpha-helices in thermophilic
CORJ870103,group-2,"D PRIFT index (Cornette et al., 1987)"
KUMS000104,group-2,D Distribution of amino acid residues in the alpha-helices in mesophilic
RICJ880114,group-2,"D Relative preference value at C1 (Richardson-Richardson, 1988)"
FASG760105,group-2,"D pK-C (Fasman, 1976)"
MIYS990105,group-2,"D Optimized relative partition energies - method D (Miyazawa-Jernigan, 1999)"
ROSG850102,group-2,"D Mean fractional area loss (Rose et al., 1985)"
CHOC760102,group-2,"D Residue accessible surface area in folded protein (Chothia, 1976)"
NADH010101,group-2,D Hydropathy scale based on self-information values in the two-state model (5%
OOBM850104,group-2,"D Optimized average non-bonded energy per atom (Oobatake et al., 1985)"
FASG890101,group-2,"D Hydrophobicity index (Fasman, 1989)"
RICJ880107,group-2,"D Relative preference value at N4 (Richardson-Richardson, 1988)"
FASG760104,group-2,"D pK-N (Fasman, 1976)"
RICJ880105,group-2,"D Relative preference value at N2 (Richardson-Richardson, 1988)"
JURD980101,group-2,"D Modified Kyte-Doolittle hydrophobicity scale (Juretic et al., 1998)"
MEIH800102,group-2,"D Average reduced distance for side chain (Meirovitch et al., 1980)"
MEIH800103,group-2,"D Average side chain orientation angle (Meirovitch et al., 1980)"
MEIH800101,group-2,"D Average reduced distance for C-alpha (Meirovitch et al., 1980)"
SUYM030101,group-2,"D Linker propensity index (Suyama-Ohara, 2003)"
CHAM830108,group-2,"D A parameter of charge transfer donor capability (Charton-Charton, 1983)"
PALJ810112,group-2,"D Normalized frequency of beta-sheet in alpha/beta class (Palau et al., 1981)"
AVBF000107,group-2,"D Slopes tripeptide FDPB PARSE neutral (Avbelj, 2000)"
RADA880101,group-2,"D Transfer free energy from chx to wat (Radzicka-Wolfenden, 1988)"
GUYH850104,group-2,"D Apparent partition energies calculated from Janin index (Guy, 1985)"
GUYH850103,group-2,"D Apparent partition energies calculated from Robson-Osguthorpe index (Guy,"
GUYH850102,group-2,"D Apparent partition energies calculated from Wertz-Scheraga index (Guy, 1985)"
RADA880108,group-2,"D Mean polarity (Radzicka-Wolfenden, 1988)"
WERD780101,group-2,"D Propensity to be buried inside (Wertz-Scheraga, 1978)"
NOZY710101,group-2,"D Transfer energy, organic solvent/water (Nozaki-Tanford, 1971)"
NISK800101,group-2,"D 8 A contact number (Nishikawa-Ooi, 1980)"
FAUJ830101,group-2,"D Hydrophobic parameter pi (Fauchere-Pliska, 1983)"
JANJ780101,group-2,"D Average accessible surface area (Janin et al., 1978)"
TANS770108,group-2,"D Normalized frequency of zeta R (Tanaka-Scheraga, 1977)"
JANJ780103,group-2,"D Percentage of exposed residues (Janin et al., 1978)"
JANJ780102,group-2,"D Percentage of buried residues (Janin et al., 1978)"
OLSK800101,group-2,"D Average internal preferences (Olsen, 1980)"
OOBM770102,group-2,"D Short and medium range non-bonded energy per atom (Oobatake-Ooi, 1977)"
TANS770105,group-2,"D Normalized frequency of chain reversal S (Tanaka-Scheraga, 1977)"
TANS770107,group-2,"D Normalized frequency of left-handed helix (Tanaka-Scheraga, 1977)"
ROBB790101,group-2,"D Hydration free energy (Robson-Osguthorpe, 1979)"
CHOC760103,group-2,"D Proportion of residues 95% buried (Chothia, 1976)"
JANJ790101,group-2,"D Ratio of buried and accessible molar fractions (Janin, 1979)"
JANJ790102,group-2,"D Transfer free energy (Janin, 1979)"
CHOC760104,group-2,"D Proportion of residues 100% buried (Chothia, 1976)"
BIOV880102,group-2,"D Information value for accessibility; average fraction 23% (Biou et al., 1988)"
BIOV880101,group-2,"D Information value for accessibility; average fraction 35% (Biou et al., 1988)"
KUHL950101,group-2,"D Hydrophilicity scale (Kuhn et al., 1995)"
QIAN880108,group-2,"D Weights for alpha-helix at the window position of 1 (Qian-Sejnowski, 1988)"
QIAN880109,group-2,"D Weights for alpha-helix at the window position of 2 (Qian-Sejnowski, 1988)"
QIAN880107,group-2,"D Weights for alpha-helix at the window position of 0 (Qian-Sejnowski, 1988)"
ROBB760113,group-2,"D Information measure for loop (Robson-Suzuki, 1976)"
ROBB760110,group-2,"D Information measure for middle turn (Robson-Suzuki, 1976)"
BASU050101,group-2,"D Interactivity scale obtained from the contact matrix (Bastolla et al., 2005)"
BASU050102,group-2,D Interactivity scale obtained by maximizing the mean of correlation
MIYS990104,group-2,"D Optimized relative partition energies - method C (Miyazawa-Jernigan, 1999)"
NISK860101,group-2,"D 14 A contact number (Nishikawa-Ooi, 1986)"
KYTJ820101,group-2,"D Hydropathy index (Kyte-Doolittle, 1982)"
PUNT030101,group-2,D Knowledge-based membrane-propensity scale from 1D_Helix in MPtopo databases
CORJ870106,group-3,"D ALTLS index (Cornette et al., 1987)"
CORJ870107,group-3,"D TOTFT index (Cornette et al., 1987)"
CORJ870104,group-3,"D PRILS index (Cornette et al., 1987)"
CORJ870105,group-3,"D ALTFT index (Cornette et al., 1987)"
QIAN880131,group-3,"D Weights for coil at the window position of -2 (Qian-Sejnowski, 1988)"
QIAN880130,group-3,"D Weights for coil at the window position of -3 (Qian-Sejnowski, 1988)"
QIAN880133,group-3,"D Weights for coil at the window position of 0 (Qian-Sejnowski, 1988)"
QIAN880132,group-3,"D Weights for coil at the window position of -1 (Qian-Sejnowski, 1988)"
AURR980119,group-3,"D Normalized positional residue frequency at helix termini C""' (Aurora-Rose,"
CORJ870108,group-3,"D TOTLS index (Cornette et al., 1987)"
KOEP990102,group-3,"D Beta-sheet propensity derived from designed sequences (Koehl-Levitt, 1999)"
FAUJ880108,group-3,"D Localized electrical effect (Fauchere et al., 1988)"
FAUJ880104,group-3,"D STERIMOL length of the side chain (Fauchere et al., 1988)"
BEGF750103,group-3,"D Conformational parameter of beta-turn (Beghin-Dirkx, 1975)"
CIDH920103,group-3,"D Normalized hydrophobicity scales for alpha+beta-proteins (Cid et al., 1992)"
ZASB820101,group-3,"D Dependence of partition coefficient on ionic strength (Zaslavsky et al.,"
AURR980114,group-3,"D Normalized positional residue frequency at helix termini C2 (Aurora-Rose,"
GOLD730101,group-3,"D Hydrophobicity factor (Goldsack-Chalifoux, 1973)"
RACS820114,group-3,"D Value of theta(i-1) (Rackovsky-Scheraga, 1982)"
PALJ810101,group-3,"D Normalized frequency of alpha-helix from LG (Palau et al., 1981)"
RACS820112,group-3,"D Average relative fractional occurrence in ER(i-1) (Rackovsky-Scheraga, 1982)"
WERD780104,group-3,"D Free energy change of epsilon(i) to alpha(Rh) (Wertz-Scheraga, 1978)"
VINM940104,group-3,D Normalized flexibility parameters (B-values) for each residue surrounded by
CHOP780203,group-3,"D Normalized frequency of beta-turn (Chou-Fasman, 1978b)"
GEIM800109,group-3,"D Aperiodic indices for alpha-proteins (Geisow-Roberts, 1980)"
GEIM800108,group-3,"D Aperiodic indices (Geisow-Roberts, 1980)"
PTIO830101,group-3,"D Helix-coil equilibrium constant (Ptitsyn-Finkelstein, 1983)"
GEIM800107,group-3,"D Beta-strand indices for alpha/beta-proteins (Geisow-Roberts, 1980)"
MANP780101,group-3,"D Average surrounding hydrophobicity (Manavalan-Ponnuswamy, 1978)"
QIAN880104,group-3,"D Weights for alpha-helix at the window position of -3 (Qian-Sejnowski, 1988)"
GEIM800102,group-3,"D Alpha-helix indices for alpha-proteins (Geisow-Roberts, 1980)"
QIAN880126,group-3,"D Weights for beta-sheet at the window position of 6 (Qian-Sejnowski, 1988)"
QIAN880127,group-3,"D Weights for coil at the window position of -6 (Qian-Sejnowski, 1988)"
QIAN880125,group-3,"D Weights for beta-sheet at the window position of 5 (Qian-Sejnowski, 1988)"
PRAM900104,group-3,"D Relative frequency in reverse-turn (Prabhakaran, 1990)"
QIAN880123,group-3,"D Weights for beta-sheet at the window position of 3 (Qian-Sejnowski, 1988)"
QIAN880120,group-3,"D Weights for beta-sheet at the window position of 0 (Qian-Sejnowski, 1988)"
CHAM820102,group-3,"D Free energy of solution in water, kcal/mole (Charton-Charton, 1982)"
MUNV940104,group-3,"D Free energy in beta-strand region (Munoz-Serrano, 1994)"
LEVM780103,group-3,"D Normalized frequency of reverse turn, with weights (Levitt, 1978)"
MUNV940103,group-3,"D Free energy in beta-strand conformation (Munoz-Serrano, 1994)"
VINM940102,group-3,D Normalized flexibility parameters (B-values) for each residue surrounded by
VINM940103,group-3,D Normalized flexibility parameters (B-values) for each residue surrounded by
MUNV940105,group-3,"D Free energy in beta-strand region (Munoz-Serrano, 1994)"
WIMW960101,group-3,D Free energies of transfer of AcWl-X-LL peptides from bilayer interface to
LEVM780106,group-3,"D Normalized frequency of reverse turn, unweighted (Levitt, 1978)"
FINA910103,group-3,"D Helix termination parameter at posision j-2,j-1,j (Finkelstein et al., 1991)"
BUNA790103,group-3,"D Spin-spin coupling constants 3JHalpha-NH (Bundi-Wuthrich, 1979)"
RACS820113,group-3,"D Value of theta(i) (Rackovsky-Scheraga, 1982)"
ZIMJ680101,group-3,"D Hydrophobicity (Zimmerman et al., 1968)"
LIFS790102,group-3,"D Conformational preference for parallel beta-strands (Lifson-Sander, 1979)"
LIFS790101,group-3,"D Conformational preference for all beta-strands (Lifson-Sander, 1979)"
AURR980103,group-3,"D Normalized positional residue frequency at helix termini N"" (Aurora-Rose,"
PONP800106,group-3,"D Surrounding hydrophobicity in turn (Ponnuswamy et al., 1980)"
WARP780101,group-3,"D Average interactions per side chain atom (Warme-Morgan, 1978)"
KARS160118,group-3,D Average weighted atomic number or degree based on atomic number in the graph
CHOP780216,group-3,"D Normalized frequency of the 2nd and 3rd residues in turn (Chou-Fasman, 1978b)"
KANM800102,group-3,"D Average relative probability of beta-sheet (Kanehisa-Tsong, 1980)"
MAXF760101,group-3,"D Normalized frequency of alpha-helix (Maxfield-Scheraga, 1976)"
MAXF760102,group-3,"D Normalized frequency of extended structure (Maxfield-Scheraga, 1976)"
MAXF760103,group-3,"D Normalized frequency of zeta R (Maxfield-Scheraga, 1976)"
MAXF760104,group-3,"D Normalized frequency of left-handed alpha-helix (Maxfield-Scheraga, 1976)"
GEIM800110,group-3,"D Aperiodic indices for beta-proteins (Geisow-Roberts, 1980)"
GEIM800111,group-3,"D Aperiodic indices for alpha/beta-proteins (Geisow-Roberts, 1980)"
YUTK870104,group-4,"D Activation Gibbs energy of unfolding, pH9.0 (Yutani et al., 1987)"
KIDA850101,group-4,"D Hydrophobicity-related index (Kidera et al., 1985)"
PONP800101,group-4,"D Surrounding hydrophobicity in folded form (Ponnuswamy et al., 1980)"
ROBB760105,group-4,"D Information measure for extended (Robson-Suzuki, 1976)"
YUTK870103,group-4,"D Activation Gibbs energy of unfolding, pH7.0 (Yutani et al., 1987)"
YUTK870102,group-4,"D Unfolding Gibbs energy in water, pH9.0 (Yutani et al., 1987)"
KLEP840101,group-4,"D Net charge (Klein et al., 1984)"
PARJ860101,group-4,"D HPLC parameter (Parker et al., 1986)"
KOEP990101,group-4,"D Alpha-helix propensity derived from designed sequences (Koehl-Levitt, 1999)"
PONP930101,group-4,"D Hydrophobicity scales (Ponnuswamy, 1993)"
VASM830102,group-4,"D Relative population of conformational state C (Vasquez et al., 1983)"
PONP800108,group-4,"D Average number of surrounding residues (Ponnuswamy et al., 1980)"
ROBB760107,group-4,"D Information measure for extended without H-bond (Robson-Suzuki, 1976)"
RACS820111,group-4,"D Average relative fractional occurrence in E0(i-1) (Rackovsky-Scheraga, 1982)"
RACS820110,group-4,"D Average relative fractional occurrence in EL(i-1) (Rackovsky-Scheraga, 1982)"
PONP800102,group-4,"D Average gain in surrounding hydrophobicity (Ponnuswamy et al., 1980)"
PONP800103,group-4,"D Average gain ratio in surrounding hydrophobicity (Ponnuswamy et al., 1980)"
WILM950102,group-4,"D Hydrophobicity coefficient in RP-HPLC, C8 with 0.1%TFA/MeCN/H2O (Wilce et al."
CORJ870101,group-4,"D NNEIG index (Cornette et al., 1987)"
AURR980118,group-4,"D Normalized positional residue frequency at helix termini C"" (Aurora-Rose,"
PONP800104,group-4,"D Surrounding hydrophobicity in alpha-helix (Ponnuswamy et al., 1980)"
ISOY800106,group-4,"D Normalized relative frequency of helix end (Isogai et al., 1980)"
GEIM800105,group-4,"D Beta-strand indices (Geisow-Roberts, 1980)"
KARS160106,group-4,"D Radius (minimum eccentricity) (Karkbara-Knisley, 2016)"
FUKS010111,group-4,D Entire chain composition of amino acids in extracellular proteins of
ISOY800108,group-4,"D Normalized relative frequency of coil (Isogai et al., 1980)"
PRAM900101,group-4,"D Hydrophobicity (Prabhakaran, 1990)"
PRAM900103,group-4,"D Relative frequency in beta-sheet (Prabhakaran, 1990)"
KARS160120,group-4,D Weighted minimum eigenvalue based on the atomic numbers
NAKH920107,group-4,"D AA composition of EXT of multi-spanning proteins (Nakashima-Nishikawa, 1992)"
LEVM780102,group-4,"D Normalized frequency of beta-sheet, with weights (Levitt, 1978)"
MUNV940102,group-4,"D Free energy in alpha-helical region (Munoz-Serrano, 1994)"
PLIV810101,group-4,"D Partition coefficient (Pliska et al., 1981)"
QIAN880128,group-4,"D Weights for coil at the window position of -5 (Qian-Sejnowski, 1988)"
MUNV940101,group-4,"D Free energy in alpha-helical conformation (Munoz-Serrano, 1994)"
WOLS870101,group-4,"D Principal property value z1 (Wold et al., 1987)"
FINA910101,group-4,"D Helix initiation parameter at posision i-1 (Finkelstein et al., 1991)"
ZIMJ680103,group-4,"D Polarity (Zimmerman et al., 1968)"
TANS770106,group-4,"D Normalized frequency of chain reversal D (Tanaka-Scheraga, 1977)"
KARS160113,group-4,"D Weighted domination number using the atomic number (Karkbara-Knisley, 2016)"
WERD780102,group-4,"D Free energy change of epsilon(i) to epsilon(ex) (Wertz-Scheraga, 1978)"
WEBA780101,group-4,"D RF value in high salt chromatography (Weber-Lacey, 1978)"
ZHOH040101,group-4,"D The stability scale from the knowledge-based atom-atom potential (Zhou-Zhou,"
ZHOH040102,group-4,"D The relative stability scale extracted from mutation experiments (Zhou-Zhou,"
VENT840101,group-4,"D Bitterness (Venanzi, 1984)"
ENGD860101,group-4,"D Hydrophobicity index (Engelman et al., 1986)"
QIAN880119,group-4,"D Weights for beta-sheet at the window position of -1 (Qian-Sejnowski, 1988)"
KARS160111,group-4,D Average eigenvalue of the Laplacian matrix of the the graph
KARS160112,group-4,D Second smallest eigenvalue of the Laplacian matrix of the graph
WOLR810101,group-4,"D Hydration potential (Wolfenden et al., 1981)"
KARS160114,group-4,D Average weighted eccentricity based on the the atomic number
KARS160115,group-4,D Weighted radius based on the atomic number (minimum eccentricity)
KARS160116,group-4,D Weighted diameter based on the atomic number (maximum eccentricity)
GUYH850105,group-5,"D Apparent partition energies calculated from Chothia index (Guy, 1985)"
NAKH920101,group-5,"D AA composition of CYT of single-spanning proteins (Nakashima-Nishikawa, 1992)"
NAKH920102,group-5,"D AA composition of CYT2 of single-spanning proteins (Nakashima-Nishikawa,"
GEOR030104,group-5,"D Linker propensity from 3-linker dataset (George-Heringa, 2003)"
ARGP820101,group-5,"D Hydrophobicity index (Argos et al., 1982)"
RADA880107,group-5,"D Energy transfer from out to in(95%buried) (Radzicka-Wolfenden, 1988)"
RICJ880116,group-5,"D Relative preference value at C' (Richardson-Richardson, 1988)"
RICJ880117,group-5,"D Relative preference value at C"" (Richardson-Richardson, 1988)"
EISD860101,group-5,"D Solvation free energy (Eisenberg-McLachlan, 1986)"
FAUJ880109,group-5,"D Number of hydrogen bond donors (Fauchere et al., 1988)"
ROSG850101,group-5,"D Mean area buried on transfer (Rose et al., 1985)"
TANS770110,group-5,"D Normalized frequency of chain reversal (Tanaka-Scheraga, 1977)"
FAUJ880101,group-5,"D Graph shape index (Fauchere et al., 1988)"
KANM800103,group-5,"D Average relative probability of inner helix (Kanehisa-Tsong, 1980)"
PALJ810106,group-5,"D Normalized frequency of turn from CF (Palau et al., 1981)"
NAKH900106,group-5,"D Normalized composition from animal (Nakashima et al., 1990)"
AURR980110,group-5,"D Normalized positional residue frequency at helix termini N5 (Aurora-Rose,"
NADH010107,group-5,D Hydropathy scale based on self-information values in the two-state model (50%
JOND750101,group-5,"D Hydrophobicity (Jones, 1975)"
ISOY800103,group-5,"D Normalized relative frequency of bend (Isogai et al., 1980)"
ISOY800102,group-5,"D Normalized relative frequency of extended structure (Isogai et al., 1980)"
KARS160109,group-5,D Maximum eigenvalue of the weighted Laplacian matrix of the graph
FUKS010104,group-5,D Surface composition of amino acids in nuclear proteins (percent)
BASU050103,group-5,D Interactivity scale obtained by maximizing the mean of correlation
BULH740101,group-5,"D Transfer free energy to surface (Bull-Breese, 1974)"
CHOP780101,group-5,"D Normalized frequency of beta-turn (Chou-Fasman, 1978a)"
RICJ880106,group-5,"D Relative preference value at N3 (Richardson-Richardson, 1988)"
OOBM770103,group-5,"D Long range non-bonded energy per atom (Oobatake-Ooi, 1977)"
RICJ880108,group-5,"D Relative preference value at N5 (Richardson-Richardson, 1988)"
MONM990201,group-5,"D Averaged turn propensities in a transmembrane helix (Monne et al., 1999)"
PALJ810115,group-5,"D Normalized frequency of turn in alpha+beta class (Palau et al., 1981)"
TANS770101,group-5,"D Normalized frequency of alpha-helix (Tanaka-Scheraga, 1977)"
SIMZ760101,group-5,"D Transfer free energy (Simon, 1976), Cited by Charton-Charton (1982)"
YANJ020101,group-5,"D Side-chain conformation by gaussian evolutionary method (Yang et al., 2002)"
KARP850103,group-5,"D Flexibility parameter for two rigid neighbors (Karplus-Schulz, 1985)"
FAUJ880113,group-5,"D pK-a(RCOOH) (Fauchere et al., 1988)"
AVBF000109,group-5,"D Slopes proteins, FDPB VFF neutral (Avbelj, 2000)"
RACS820109,group-5,"D Average relative fractional occurrence in AL(i-1) (Rackovsky-Scheraga, 1982)"
AVBF000101,group-5,"D Screening coefficients gamma, local (Avbelj, 2000)"
CHAM830105,group-5,"D The number of atoms in the side chain labelled 3+1 (Charton-Charton, 1983)"
CHOP780212,group-5,"D Frequency of the 1st residue in turn (Chou-Fasman, 1978b)"
EISD840101,group-5,"D Consensus normalized hydrophobicity scale (Eisenberg, 1984)"
CHAM830102,group-5,D A parameter defined from the residuals obtained from the best correlation of
ROBB760103,group-6,"D Information measure for middle helix (Robson-Suzuki, 1976)"
ROBB760102,group-6,"D Information measure for N-terminal helix (Robson-Suzuki, 1976)"
YUTK870101,group-6,"D Unfolding Gibbs energy in water, pH7.0 (Yutani et al., 1987)"
WILM950101,group-6,"D Hydrophobicity coefficient in RP-HPLC, C18 with 0.1%TFA/MeCN/H2O (Wilce et"
ROBB760106,group-6,"D Information measure for pleated-sheet (Robson-Suzuki, 1976)"
NAKH920108,group-6,"D AA composition of MEM of multi-spanning proteins (Nakashima-Nishikawa, 1992)"
AVBF000106,group-6,"D Slopes tripeptide FDPB VFF all (Avbelj, 2000)"
HUTJ700103,group-6,"D Entropy of formation (Hutchens, 1970)"
KHAG800101,group-6,"D The Kerr-constant increments (Khanarian-Moore, 1980)"
RICJ880113,group-6,"D Relative preference value at C2 (Richardson-Richardson, 1988)"
NAKH920105,group-6,"D AA composition of MEM of single-spanning proteins (Nakashima-Nishikawa, 1992)"
EISD860103,group-6,"D Direction of hydrophobic moment (Eisenberg-McLachlan, 1986)"
DESM900102,group-6,"D Average membrane preference: AMP07 (Degli Esposti et al., 1990)"
NAKH920104,group-6,"D AA composition of EXT2 of single-spanning proteins (Nakashima-Nishikawa,"
CIDH920101,group-6,"D Normalized hydrophobicity scales for alpha-proteins (Cid et al., 1992)"
AURR980115,group-6,"D Normalized positional residue frequency at helix termini C1 (Aurora-Rose,"
VASM830101,group-6,"D Relative population of conformational state A (Vasquez et al., 1983)"
AURR980111,group-6,"D Normalized positional residue frequency at helix termini C5 (Aurora-Rose,"
HUTJ700102,group-6,"D Absolute entropy (Hutchens, 1970)"
FINA770101,group-6,"D Helix-coil equilibrium constant (Finkelstein-Ptitsyn, 1977)"
TANS770104,group-6,"D Normalized frequency of chain reversal R (Tanaka-Scheraga, 1977)"
LEVM760106,group-6,"D van der Waals parameter R0 (Levitt, 1976)"
ISOY800105,group-6,"D Normalized relative frequency of bend S (Isogai et al., 1980)"
BURA740101,group-6,"D Normalized frequency of alpha-helix (Burgess et al., 1974)"
DESM900101,group-6,"D Membrane preference for cytochrome b: MPH89 (Degli Esposti et al., 1990)"
PALJ810116,group-6,"D Normalized frequency of turn in alpha/beta class (Palau et al., 1981)"
BULH740102,group-6,"D Apparent partial specific volume (Bull-Breese, 1974)"
RICJ880109,group-6,"D Relative preference value at Mid (Richardson-Richardson, 1988)"
FINA910104,group-6,"D Helix termination parameter at posision j+1 (Finkelstein et al., 1991)"
WOLR790101,group-6,"D Hydrophobicity index (Wolfenden et al., 1979)"
AVBF000102,group-6,"D Screening coefficients gamma, non-local (Avbelj, 2000)"
NAKH900111,group-6,"D Transmembrane regions of non-mt-proteins (Nakashima et al., 1990)"
PRAM820103,group-6,"D Correlation coefficient in regression analysis (Prabhakaran-Ponnuswamy, 1982)"
CHAM830103,group-6,"D The number of atoms in the side chain labelled 1+1 (Charton-Charton, 1983)"
JACR890101,group-6,"D Weights from the IFH scale (Jacobs-White, 1989)"
CHAM830107,group-6,"D A parameter of charge transfer capability (Charton-Charton, 1983)"
KRIW790102,group-6,"D Fraction of site occupied by water (Krigbaum-Komoriya, 1979)"
CHOP780213,group-6,"D Frequency of the 2nd residue in turn (Chou-Fasman, 1978b)"
KARS160110,group-6,D Minimum eigenvalue of the weighted Laplacian matrix of the graph
QIAN880116,group-6,"D Weights for beta-sheet at the window position of -4 (Qian-Sejnowski, 1988)"
FUKS010108,group-6,D Interior composition of amino acids in nuclear proteins (percent)
GEOR030107,group-7,D Linker propensity from long dataset (linker length is greater than 14
ROBB760101,group-7,"D Information measure for alpha-helix (Robson-Suzuki, 1976)"
KUMS000101,group-7,D Distribution of amino acid residues in the 18 non-redundant families of
SNEP660104,group-7,"D Principal component IV (Sneath, 1966)"
SNEP660102,group-7,"D Principal component II (Sneath, 1966)"
GEOR030106,group-7,D Linker propensity from medium dataset (linker length is between six and 14
BHAR880101,group-7,"D Average flexibility indices (Bhaskaran-Ponnuswamy, 1988)"
QIAN880139,group-7,"D Weights for coil at the window position of 6 (Qian-Sejnowski, 1988)"
QIAN880138,group-7,"D Weights for coil at the window position of 5 (Qian-Sejnowski, 1988)"
GEOR030108,group-7,"D Linker propensity from helical (annotated by DSSP) dataset (George-Heringa,"
BAEK050101,group-7,"D Linker index (Bae et al., 2005)"
NAKH900113,group-7,"D Ratio of average and computed composition (Nakashima et al., 1990)"
FAUJ880107,group-7,"D N.m.r. chemical shift of alpha-carbon (Fauchere et al., 1988)"
BEGF750101,group-7,"D Conformational parameter of inner helix (Beghin-Dirkx, 1975)"
FAUJ880102,group-7,"D Smoothed upsilon steric parameter (Fauchere et al., 1988)"
PALJ810102,group-7,"D Normalized frequency of alpha-helix from CF (Palau et al., 1981)"
JOND750102,group-7,"D pK (-COOH) (Jones, 1975)"
CHOP780201,group-7,"D Normalized frequency of alpha-helix (Chou-Fasman, 1978b)"
ISOY800101,group-7,"D Normalized relative frequency of alpha-helix (Isogai et al., 1980)"
RICJ880115,group-7,"D Relative preference value at C-cap (Richardson-Richardson, 1988)"
QIAN880102,group-7,"D Weights for alpha-helix at the window position of -5 (Qian-Sejnowski, 1988)"
QIAN880105,group-7,"D Weights for alpha-helix at the window position of -2 (Qian-Sejnowski, 1988)"
QIAN880106,group-7,"D Weights for alpha-helix at the window position of -1 (Qian-Sejnowski, 1988)"
PARS000102,group-7,D p-Values of thermophilic proteins based on the distributions of B values
AURR980104,group-7,"D Normalized positional residue frequency at helix termini N'(Aurora-Rose,"
DIGM050101,group-7,"D Hydrostatic pressure asymmetry index, PAI (Di Giulio, 2005)"
AVBF000108,group-7,"D Slopes dekapeptide, FDPB VFF neutral (Avbelj, 2000)"
QIAN880129,group-7,"D Weights for coil at the window position of -4 (Qian-Sejnowski, 1988)"
MEEJ810102,group-7,"D Retention coefficient in NaH2PO4 (Meek-Rossetti, 1981)"
KUMS000102,group-7,D Distribution of amino acid residues in the 18 non-redundant families of
TANS770103,group-7,"D Normalized frequency of extended structure (Tanaka-Scheraga, 1977)"
OOBM770104,group-7,"D Average non-bonded energy per residue (Oobatake-Ooi, 1977)"
MEEJ810101,group-7,"D Retention coefficient in NaClO4 (Meek-Rossetti, 1981)"
RACS820101,group-7,"D Average relative fractional occurrence in A0(i) (Rackovsky-Scheraga, 1982)"
OOBM850105,group-7,"D Optimized side chain interaction parameter (Oobatake et al., 1985)"
AURR980105,group-7,"D Normalized positional residue frequency at helix termini Nc (Aurora-Rose,"
AURR980101,group-7,"D Normalized positional residue frequency at helix termini N4'(Aurora-Rose,"
MITS020101,group-7,"D Amphiphilicity index (Mitaku et al., 2002)"
TAKK010101,group-7,"D Side-chain contribution to protein stability (kJ/mol) (Takano-Yutani, 2001)"
KANM800101,group-7,"D Average relative probability of helix (Kanehisa-Tsong, 1980)"
MEEJ800101,group-8,"D Retention coefficient in HPLC, pH7.4 (Meek, 1980)"
QIAN880136,group-8,"D Weights for coil at the window position of 3 (Qian-Sejnowski, 1988)"
NAGK730102,group-8,"D Normalized frequency of bata-structure (Nagano, 1973)"
PTIO830102,group-8,"D Beta-coil equilibrium constant (Ptitsyn-Finkelstein, 1983)"
GUOD860101,group-8,"D Retention coefficient at pH 2 (Guo et al., 1986)"
ZIMJ680102,group-8,"D Bulkiness (Zimmerman et al., 1968)"
BLAM930101,group-8,"D Alpha helix propensity of position 44 in T4 lysozyme (Blaber et al., 1993)"
AURR980113,group-8,"D Normalized positional residue frequency at helix termini C3 (Aurora-Rose,"
AURR980112,group-8,"D Normalized positional residue frequency at helix termini C4 (Aurora-Rose,"
PONP800107,group-8,"D Accessibility reduction ratio (Ponnuswamy et al., 1980)"
LEVM760104,group-8,"D Side chain torsion angle phi(AAAR) (Levitt, 1976)"
LEVM760103,group-8,"D Side chain angle theta(AAR) (Levitt, 1976)"
CHOP780208,group-8,"D Normalized frequency of N-terminal beta-sheet (Chou-Fasman, 1978b)"
FUKS010106,group-8,D Interior composition of amino acids in intracellular proteins of mesophiles
ROBB760112,group-8,"D Information measure for coil (Robson-Suzuki, 1976)"
RICJ880102,group-8,"D Relative preference value at N' (Richardson-Richardson, 1988)"
RICJ880101,group-8,"D Relative preference value at N"" (Richardson-Richardson, 1988)"
ROBB760111,group-8,"D Information measure for C-terminal turn (Robson-Suzuki, 1976)"
FINA910102,group-8,"D Helix initiation parameter at posision i,i+1,i+2 (Finkelstein et al., 1991)"
BUNA790102,group-8,"D alpha-CH chemical shifts (Bundi-Wuthrich, 1979)"
BUNA790101,group-8,"D alpha-NH chemical shifts (Bundi-Wuthrich, 1979)"
KARS160119,group-8,D Weighted maximum eigenvalue based on the atomic numbers
WOEC730101,group-8,"D Polar requirement (Woese, 1973)"
FUKS010107,group-8,D Interior composition of amino acids in extracellular proteins of mesophiles
KRIW710101,group-8,"D Side chain interaction parameter (Krigbaum-Rubin, 1971)"
CHOP780214,group-8,"D Frequency of the 3rd residue in turn (Chou-Fasman, 1978b)"
CHOP780215,group-8,"D Frequency of the 4th residue in turn (Chou-Fasman, 1978b)"
QIAN880114,group-8,"D Weights for beta-sheet at the window position of -6 (Qian-Sejnowski, 1988)"
QIAN880113,group-8,"D Weights for alpha-helix at the window position of 6 (Qian-Sejnowski, 1988)"
ONEK900102,group-8,"D Helix formation parameters (delta delta G) (O'Neil-DeGrado, 1990)"
ONEK900101,group-8,"D Delta G values for the peptides extrapolated to 0 M urea (O'Neil-DeGrado,"
QIAN880135,group-9,"D Weights for coil at the window position of 2 (Qian-Sejnowski, 1988)"
QIAN880134,group-9,"D Weights for coil at the window position of 1 (Qian-Sejnowski, 1988)"
GUYH850101,group-9,"D Partition energy (Guy, 1985)"
NAGK730101,group-9,"D Normalized frequency of alpha-helix (Nagano, 1973)"
GRAR740101,group-9,"D Composition (Grantham, 1974)"
GEOR030109,group-9,D Linker propensity from non-helical (annotated by DSSP) dataset
SNEP660103,group-9,"D Principal component III (Sneath, 1966)"
NAKH900102,group-9,"D SD of AA composition of total proteins (Nakashima et al., 1990)"
AURR980117,group-9,"D Normalized positional residue frequency at helix termini C' (Aurora-Rose,"
PALJ810103,group-9,"D Normalized frequency of beta-sheet from LG (Palau et al., 1981)"
CHAM810101,group-9,"D Steric parameter (Charton, 1981)"
QIAN880121,group-9,"D Weights for beta-sheet at the window position of 1 (Qian-Sejnowski, 1988)"
LEVM760107,group-9,"D van der Waals parameter epsilon (Levitt, 1976)"
GEIM800101,group-9,"D Alpha-helix indices (Geisow-Roberts, 1980)"
SUEM840101,group-9,"D Zimm-Bragg parameter s at 20 C (Sueki et al., 1984)"
PRAM900102,group-9,"D Relative frequency in alpha-helix (Prabhakaran, 1990)"
QIAN880122,group-9,"D Weights for beta-sheet at the window position of 2 (Qian-Sejnowski, 1988)"
RICJ880104,group-9,"D Relative preference value at N1 (Richardson-Richardson, 1988)"
LEVM780104,group-9,"D Normalized frequency of alpha-helix, unweighted (Levitt, 1978)"
LEVM780105,group-9,"D Normalized frequency of beta-sheet, unweighted (Levitt, 1978)"
FAUJ880110,group-9,"D Number of full nonbonding orbitals (Fauchere et al., 1988)"
MONM990101,group-9,"D Turn propensity scale for transmembrane helices (Monne et al., 1999)"
CRAJ730103,group-9,"D Normalized frequency of turn (Crawford et al., 1973)"
KANM800104,group-9,"D Average relative probability of inner beta-sheet (Kanehisa-Tsong, 1980)"
COWR900101,group-9,"D Hydrophobicity index, 3.0 pH (Cowan-Whittaker, 1990)"
KIMC930101,group-9,"D Thermodynamic beta sheet propensity (Kim-Berg, 1993)"
QIAN880118,group-9,"D Weights for beta-sheet at the window position of -2 (Qian-Sejnowski, 1988)"
FUKS010109,group-9,D Entire chain composition of amino acids in intracellular proteins of
MCMT640101,group-9,"D Refractivity (McMeekin et al., 1964), Cited by Jones (1975)"
CORJ870102,group-10,"D SWEIG index (Cornette et al., 1987)"
BEGF750102,group-10,"D Conformational parameter of beta-structure (Beghin-Dirkx, 1975)"
PALJ810105,group-10,"D Normalized frequency of turn from LG (Palau et al., 1981)"
PALJ810104,group-10,"D Normalized frequency of beta-sheet from CF (Palau et al., 1981)"
SUEM840102,group-10,"D Zimm-Bragg parameter sigma x 1.0E4 (Sueki et al., 1984)"
FAUJ880112,group-10,"D Negative charge (Fauchere et al., 1988)"
SWER830101,group-10,"D Optimal matching hydrophobicity (Sweet-Eisenberg, 1983)"
CHOP780202,group-10,"D Normalized frequency of beta-sheet (Chou-Fasman, 1978b)"
CHOP780211,group-10,"D Normalized frequency of C-terminal non beta region (Chou-Fasman, 1978b)"
GEIM800106,group-10,"D Beta-strand indices for beta-proteins (Geisow-Roberts, 1980)"
BROC820102,group-10,"D Retention coefficient in HFBA (Browne et al., 1982)"
BROC820101,group-10,"D Retention coefficient in TFA (Browne et al., 1982)"
KARP850101,group-10,"D Flexibility parameter for no rigid neighbors (Karplus-Schulz, 1985)"
KARP850102,group-10,"D Flexibility parameter for one rigid neighbor (Karplus-Schulz, 1985)"
LAWE840101,group-10,"D Transfer free energy, CHP/water (Lawson et al., 1984)"
LIFS790103,group-10,"D Conformational preference for antiparallel beta-strands (Lifson-Sander, 1979)"
FAUJ880111,group-10,"D Positive charge (Fauchere et al., 1988)"
AURR980102,group-10,"D Normalized positional residue frequency at helix termini N""' (Aurora-Rose,"
AURR980108,group-10,"D Normalized positional residue frequency at helix termini N3 (Aurora-Rose,"
AURR980109,group-10,"D Normalized positional residue frequency at helix termini N4 (Aurora-Rose,"
FUKS010102,group-10,D Surface composition of amino acids in intracellular proteins of mesophiles
CHOP780210,group-10,"D Normalized frequency of N-terminal non beta region (Chou-Fasman, 1978b)"
ZHOH040103,group-10,"D Buriability (Zhou-Zhou, 2004)"
QIAN880110,group-10,"D Weights for alpha-helix at the window position of 3 (Qian-Sejnowski, 1988)"
FUKS010103,group-11,D Surface composition of amino acids in extracellular proteins of mesophiles
RADA880103,group-11,"D Transfer free energy from vap to chx (Radzicka-Wolfenden, 1988)"
RADA880102,group-11,"D Transfer free energy from oct to wat (Radzicka-Wolfenden, 1988)"
RADA880105,group-11,"D Transfer free energy from vap to oct (Radzicka-Wolfenden, 1988)"
RADA880104,group-11,"D Transfer free energy from chx to oct (Radzicka-Wolfenden, 1988)"
KARS160122,group-11,D Weighted second smallest eigenvalue of the weighted Laplacian matrix
NADH010105,group-11,D Hydropathy scale based on self-information values in the two-state model (25%
NADH010104,group-11,D Hydropathy scale based on self-information values in the two-state model (20%
NADH010106,group-11,D Hydropathy scale based on self-information values in the two-state model (36%
PALJ810114,group-11,"D Normalized frequency of turn in all-beta class (Palau et al., 1981)"
NADH010103,group-11,D Hydropathy scale based on self-information values in the two-state model (16%
NADH010102,group-11,D Hydropathy scale based on self-information values in the two-state model (9%
TANS770109,group-11,"D Normalized frequency of coil (Tanaka-Scheraga, 1977)"
RADA880106,group-11,"D Accessible surface area (Radzicka-Wolfenden, 1988)"
WOLS870103,group-11,"D Principal property value z3 (Wold et al., 1987)"
PRAM820102,group-11,"D Slope in regression analysis x 1.0E1 (Prabhakaran-Ponnuswamy, 1982)"
KARS160108,group-11,"D Average weighted degree (total degree, divided by the number of vertices)"
QIAN880101,group-11,"D Weights for alpha-helix at the window position of -6 (Qian-Sejnowski, 1988)"
RACS820108,group-11,"D Average relative fractional occurrence in AR(i-1) (Rackovsky-Scheraga, 1982)"
ZIMJ680105,group-11,"D RF rank (Zimmerman et al., 1968)"
KRIW790101,group-11,"D Side chain interaction parameter (Krigbaum-Komoriya, 1979)"
NAKH900110,group-12,"D Normalized composition of membrane proteins (Nakashima et al., 1990)"
NAKH920103,group-12,"D AA composition of EXT of single-spanning proteins (Nakashima-Nishikawa, 1992)"
HUTJ700101,group-12,"D Heat capacity (Hutchens, 1970)"
AVBF000103,group-12,"D Slopes tripeptide, FDPB VFF neutral (Avbelj, 2000)"
CHAM830101,group-12,"D The Chou-Fasman parameter of the coil conformation (Charton-Charton, 1983)"
RICJ880110,group-12,"D Relative preference value at C5 (Richardson-Richardson, 1988)"
CHAM830106,group-12,"D The number of bonds in the longest chain (Charton-Charton, 1983)"
RICJ880112,group-12,"D Relative preference value at C3 (Richardson-Richardson, 1988)"
CHAM830104,group-12,"D The number of atoms in the side chain labelled 2+1 (Charton-Charton, 1983)"
EISD860102,group-12,"D Atom-based hydrophobic moment (Eisenberg-McLachlan, 1986)"
HOPA770101,group-12,"D Hydration number (Hopfinger, 1971), Cited by Charton-Charton (1982)"
ISOY800104,group-12,"D Normalized relative frequency of bend R (Isogai et al., 1980)"
DAYM780201,group-12,"D Relative mutability (Dayhoff et al., 1978b)"
AURR980120,group-12,"D Normalized positional residue frequency at helix termini C4' (Aurora-Rose,"
AVBF000105,group-12,"D Slopes tripeptide, FDPB VFF noside (Avbelj, 2000)"
NAKH900108,group-12,"D Normalized composition from fungi and plant (Nakashima et al., 1990)"
PRAM820101,group-13,"D Intercept in regression analysis (Prabhakaran-Ponnuswamy, 1982)"
KARS160121,group-13,D Weighted average eigenvalue based on the atomic numbers
OOBM850101,group-13,"D Optimized beta-structure-coil equilibrium constant (Oobatake et al., 1985)"
ROSM880102,group-13,"D Side chain hydropathy, corrected for solvation (Roseman, 1988)"
JOND920102,group-13,"D Relative mutability (Jones et al., 1992)"
WOLS870102,group-13,"D Principal property value z2 (Wold et al., 1987)"
PUNT030102,group-13,D Knowledge-based membrane-propensity scale from 3D_Helix in MPtopo databases
ZIMJ680104,group-13,"D Isoelectric point (Zimmerman et al., 1968)"
GEOR030105,group-14,D Linker propensity from small dataset (linker length is less than six
MEEJ800102,group-14,"D Retention coefficient in HPLC, pH2.1 (Meek, 1980)"
QIAN880137,group-14,"D Weights for coil at the window position of 4 (Qian-Sejnowski, 1988)"
SNEP660101,group-14,"D Principal component I (Sneath, 1966)"
ARGP820103,group-15,"D Membrane-buried preference parameters (Argos et al., 1982)"
ARGP820102,group-15,"D Signal sequence helical potential (Argos et al., 1982)"
ANDN920101,group-16,"D alpha-CH chemical shifts (Andersen et al., 1992)"
