Family,NOMBRE,SECUENCIA
F1,2P23,EMTWEEWEKKVEELEKKIEELLK
F1,SC29EK,WEEWDKKIEEYTKKIEELIKKSEEQQKKN
F1,C34,WMEWDREINNYTSLIHSLIEESQNQQEKNEQELL
F1,DP178/T20/Enfuvirtide/ENF,YTSLIHSLIEESQNQQEKNEQELLELDKWASLWNWF
F1,Sifuvirtide/SFT,SWETWEREIENYTRQIYRILEESQEQQDRNERDLLE
F1,T2635,TTWEAWDRAIAEYAARIEALIRAAQEQQEKNEAALREL
F1,MT-SFT,MTWETWEREIENYTRQIYRILEESQEQQDRNERDLLE 
F1,T1144,TTWEAWDRAIAEYAARIEALLRALQEQQEKNEAALREL
F1,Tifuvirtide/T1249,WQEWEQKITALLEQAQIQQEKNEYELQKLDKWASLWEWF
F1,V2o,WQTWERQVDNITQTISKALEEAQIQNEKNMYELQKLNQWDIFSNWF
F1,C46,WQQWERQVRFLDANITKLLEEAQIQQEKNMYELQELDKWASLWNWF
F1,CT105,MTWCDWRDEIERYTKKIEELIRAAQEWQEKNEAALKEL
F1,SC34EK,WLEWDRKIEEYTKKIEELIKKSQEQQEKNEKELK 
F1,CP32M,VEWNEMTWMEWEREIENYTKLIYKILEESQEQ
F1,SC22EK,WEEWDKKIEEYTKKIEELIKKS 
F1,MT-WQ-IDL,MTWEEWDKKIEEYTKKIEELIKKSQNQQIDL 
F1,C36M3A,WMEWDREINNYTSLIHSLIEESQNQQEKIEQELLEL
F1,CP621-652,QIWNNMTWMEWDREINNYTSLIHSLIEESQNQ
F1,C46-EHO,WQQWERQVRFLDANITKLLEEAQIQQEKNMYELQELDKNASLWNWF
F1,SC29,WEEWDKKIEEYTKKIEELIKKSEEQQKKN
F1,SC22,WEEWDKKIEEYTKKIEELIKKS
F1,C34_ROD,WQEWEKQVRYLEANISKSLEQAQIQQEKNMYELQ
F1,C34_EHO,WQQWERQVRFLDANITKLLEEAQIQQEKNMYELQ
F1,P3,WQEWEQQVRYLEANISQRLEQAQIQQEKNMYELQ
F1,MT-C34,MTWMEWDREINNYTSLIHSLIEESQNQQEKNEQELL
F1,MT-SC29,MTWEEWDKKIEEYTKKIEELIKKSEEQQKKN
F1,MT-SC22,MTWEEWDKKIEEYTKKIEELIKKS
F1,MT-SC34_ROD,MTWQEWEKQVRYLEANISKSLEQAQIQQEKNMYELQ
F1,MT-SC34_EHO,MTWQQWERQVRFLDANITKLLEEAQIQQEKNMYELQ
F1,MT-P3,MTWQEWEQQVRYLEANISQRLEQAQIQQEKNMYELQ
F1,HP23,EMTWEEWEKKIEEYTKKIEEILK
F1,HP23L,ELTWEEWEKKIEEYTKKIEEILK
F1,P21_ROD,MTWQEWEKQVRYLEANISKSL
F1,P21_EHO,MTWQQWERQVRFLDANITKLL
F1,P21_P3,MTWQEWEQQVRYLEANISQRL
F1,2P23L,ELTWEEWEKKVEELEKKIEELLK
F1,2P23Q,EMTWQEWEQKVEELEKKIEELLK
F1,SC35EK,WEEWDKKIEEYTKKIEELIKKSEEQQKKNEEELKK 
F1,FB006,WEEMDREINNYTKLIHELIEESQNQQEKNEQELL
F1,WQ,WEEWDKKIEEYTKKIEELIKKSQNQQ
F1,WQ-LDL,WEEWDKKIEEYTKKIEELIKKSQNQQLDL
F1,WQ-IDI,WEEWDKKIEEYTKKIEELIKKSQNQQIDI
F1,WQ-LDI,WEEWDKKIEEYTKKIEELIKKSQNQQLDI
F1,WQ-IDL,WEEWDKKIEEYTKKIEELIKKSQNQQIDL
F1,MT-WQ,MTWEEWDKKIEEYTKKIEELIKKSQNQQ
F1,T1144-C10,TTWEAWDRAIAEYAARIEALLRALQEQQEKNEAALRELDKWASLWNWF
F1,AA-C34,AAWMEWDREINNYTSLIHSLIEESQNQQEKNEQELL
F1,TM-C34,TMWMEWDREINNYTSLIHSLIEESQNQQEKNEQELL
F1,MT-SC29EK,MTWEEWDKKIEEYTKKIEELIKKSEEQQKKN
F1,MT-SC22EK,MTWEEWDKKIEEYTKKIEELIKKS
F1,MT-SC21EK,MTWEEWDKKIEEYTKKIEELIKK
F1,MT-SC20EK,MTWEEWDKKIEEYTKKIEELIK
F1,MT-SC19EK,MTWEEWDKKIEEYTKKIEELI
F1,SC34,WMEWDRKIEEYTKKIKKLIEESQEQQEKNEKELK
F1,C36M0,WTEWDREINNYTSQIHSLIEESQNQQEKNEQELNEL
F1,C36M1,WTEWDREINNYTSQIHSLIEELQNQQEKNEQELNEL
F1,C36M2,WTEWDREINNYTSQIHSLIEESQNIQEKNEQELNEL
F1,C36M3,WTEWDREINNYTSQIHSLIEESQNQQEKLEQELNEL
F1,C36M4,WTEWDREINNYTSQIHSLIEESQNQQEKNEQILNEL
F1,C36,WMEWDREINNYTSLIHSLIEESQNQQEKNEQELLEL
F1,C36M1A,WMEWDREINNYTSLIHSLIEELQNIQEKNEQELLEL
F1,C36M2A,WMEWDREINNYTSLIHSLIEESQNIQEKNEQELLEL
F1,C36M4A,WMEWDREINNYTSLIHSLIEESQNQQEKNEQILLEL
F1,HP23-E6-IDL,EMTWEEWEKKIEEYTKKIEEILKKSQNQQIDL
F1,YIK,EMTWEEWEKKIEEYIKKIEEILKKSQNQQIDL
F2,N36Fd,SGIVQQQNNLLRAIEAQQHLLQLTVWGIKQLQARILGYIPEAPRDGQAYVRKDGEWVLLSTFL
F2,N28Fd,IEAQQHLLQLTVWGIKQLQARILAVERYGYIPEAPRDGQAYVRKDGEWVLLSTFL
F2,N36,SGIVQQQNNLLRAIEAQQHLLQLTVWGIKQLQARIL
F2,IZN17,IKKEIEAIKKEQEAIKKKIEAIEKLLQLTVWGIKQLQARIL
F2,IQN17,LKKELEALKKEQEALKKKLEALEKLLQLTVWGIKOLQARIL
F2,IQN23,IKKEIEAIKKEQEAIKKKIEAIEKEIEAQQHLLQLTVWGIKQLQARIL
F2,IQN36,IKKEIEAIKKEQEAIKKKIEAIEKEISGIVQQQNNLLRAIEAQQHLLQLTVWGIKQLQARIL
F2,IZN23,IKKEIEAIKKEQEAIKKKIEAIEKEIEAQQHLLQLTVWGIKQLQARIL
F2,IZN36,IKKEIEAIKKEQEAIKKKIEAIEKEISGIVQQQNNLLRAIEAQQHLLQLTVWGIKQLQARIL
F2,N17,LLQLTVWGIKQLQARIL
F2,N23,IEAQQHLLQLTVWGIKQLQARIL
F2,IIN17,RMKQIEDKIEEIESKIKKIENEIARIKKLLQLTVWGIKQLQARIL
F2,IQ_22N17,KIEEIESKQKKIENEIARIKKLLQLTVWGIKQLQARIL
F2,II_22N17,KIEEIESKIKKIENEIARIKKLLQLTVWGIKQLQARIL
F2,IQ_15N17,KQKKIENEIARIKKLLQLTVWGIKQLQARIL
F2,N17IZ,LLQLTVWGIKQLQARILAIKKEIEAIKKEQEAIKKKIEAI
F2,"N^36(e,g)",SGIDQEQNNLTRLIEAQIHELQLTQWKIKQLLARIL
F3,PBD-3HR-LBD,WMEWDREIEEYTKKIEEYTKKIEEYTKKIWASLWNWF
F3,AP1,KKISEEQKKIQEEIKKILEESKKILEEIERDWEMW
F3,AP3,KKISEEQKKIQEEIKKILEESKKILEEIKKDWEEWTM
F3,AP2,KKISEEQKKIQEEIKKILEESKKILEEIKKDWEEW
F4,TLT10,TTWEAWDRAIAEYAARIEALLRALQEQQEKNEAALRELGGGGSGGGGSYTSLIHSLIEESQNQQEKNEQELLELDKWASLWNWF
F4,TLT15,TTWEAWDRAIAEYAARIEALLRALQEQQEKNEAALRELGGGGSGGGGSGGGGSYTSLIHSLIEESQNQQEKNEQELLELDKWASLWNWF
F4,TLT20,TTWEAWDRAIAEYAARIEALLRALQEQQEKNEAALRELGGGGSSGGGSGGGGSGGGGSYTSLIHSLIEESQNQQEKNEQELLELDKWASLWNWF
F4,TLT25,TTWEAWDRAIAEYAARIEALLRALQEQQEKNEAALRELGGGGSGGGGSGGGGSGGGGSGGGGSYTSLIHSLIEESQNQQEKNEQELLELDKWASLWNWF
F4,TLT30,TTWEAWDRAIAEYAARIEALLRALQEQQEKNEAALRELGGGGSGGGGSGGGGSGGGGSGGGGSGGGGSYTSLIHSLIEESQNQQEKNEQELLELDKWASLWNWF
F4,TLT40,TTWEAWDRAIAEYAARIEALLRALQEQQEKNEAALRELGGGGSCGGGSGGGGSGGGGSGGGGSGGGGSSGSGSGGGGSYTSLIHSLIEESQNQQEKNEQELLELDKWASLWNWF
F4,TLT35,TTWEAWDRAIAEYAARIEALLRALQEQQEKNEAALRELGGGGSGGGGSGGGGSGGGGSGGGGSGGGGSGGGGSYTSLIHSLIEESQNQQEKNEQELLELDKWASLWNWF
F4,2DLT,KKVVLGKKGDTVELTCTASQKKSIQFHWKNSNQIKILGNQGSFLTKGPSKLNDRADSRRSLWDQGNFPLIIKNLKIEDSDTYICEVEDQKEEVQLLVFGLTANSDTHLLQGQSLTLTLESPPGSSPSVQCRSPRGKNIQGGKTLSVSQLELQDSGTWTCTVLQNQKKVEFKIDIVVLAFQKASNTGGGGSGGGGSGGGGSGGGGSGGGGSGGGGSGGGGSLERLAAENKEQQEQLARLLAEIRAAYEAIARDWAEWTT
F4,sCD4-FIT45,KVVLGKKGDTVELTCTASQKKSIQFHWKNSNQIKILGNQGSFLTKGPSKLNDRADSRRSLWDQGNFPLIIKNLKIEDSDTYICEVEDQKEEVQLLVFGLTANSDTHLLQGQSLTLTLESPPGSSPSVQCRSPRGKNIQGGKTLSVSQLELQDSGTWTCTVLQNQKKVEFKIDIVVLAFQKASNTGGGGSGGGGSGGGGSGGGGSGGGGSGGGGSGGGGSMEWDREINNYTSLIHSLIEESQNQQEKNEQELLELDKWASLWNWF
F4,4HR-LBD-VIRIP,EELAKKAEELAKKAEELAKKAEELAKKAWASLWNWFLEAIPMSIPPEVKFNKPFVF
F4,4HR-LBD,EELAKKAEELAKKAEELAKKAEELAKKAWASLWNWF
F5,VIRIP,LEAIPMSIPPEVKFNKPFVF
F5,VIR-576,LEAIPCSIPPEFLFGKPFVFLEAIPCSIPPEFLFGKPFVF
